split,z0,z1,signed_cost,dz0_dt,dz1_dt
train,-0.12,-0.12,-0.009349668039135173,0.0,0.024288849474196628
heldout,-0.12,-0.108,-0.009624125474153256,0.0,0.02145016362559149
train,-0.12,-0.096,-0.009864379458156547,0.0,0.018588344528336354
heldout,-0.12,-0.08399999999999999,-0.010070154929049502,0.0,0.015703815846312974
train,-0.12,-0.072,-0.010241181939095068,0.0,0.012797006298803648
heldout,-0.12,-0.06,-0.010377195715230436,0.0,0.009868349598318726
train,-0.12,-0.04799999999999999,-0.010477936718478631,0.0,0.006918284370382999
heldout,-0.12,-0.03599999999999999,-0.010543150702486792,0.0,0.003947254078318085
train,-0.12,-0.023999999999999994,-0.010572588771136537,0.0,0.0009557069491350489
heldout,-0.12,-0.011999999999999997,-0.010566007435253044,0.0,-0.0020559040994627686
train,-0.12,0.0,-0.010523168668372329,0.0,-0.005087121542624029
heldout,-0.12,0.01200000000000001,-0.010443839961577384,0.0,-0.00813748332606501
train,-0.12,0.02400000000000002,-0.010327794377372412,0.0,-0.011206522948226105
heldout,-0.12,0.036000000000000004,-0.01017481060260661,0.0,-0.014293769537432333
train,-0.12,0.048000000000000015,-0.009984673000416167,0.0,-0.017398747927666047
heldout,-0.12,0.06,-0.00975717166118617,0.0,-0.02052097875709924
train,-0.12,0.07200000000000001,-0.009492102452520412,0.0,-0.02365997853581714
heldout,-0.12,0.08400000000000002,-0.009189267068207885,0.0,-0.026815259733248276
train,-0.12,0.096,-0.00884847307617509,0.0,-0.02998633087114566
heldout,-0.12,0.10800000000000001,-0.008469533965415721,0.0,-0.033172696598249285
train,-0.12,0.12,-0.008052269191889838,0.0,-0.03637385778632041
heldout,-0.108,-0.12,-0.007294370840154496,0.0,0.02490172630542631
train,-0.108,-0.108,-0.007576086727470455,0.0,0.02204697861302174
heldout,-0.108,-0.096,-0.007823404618997443,0.0,0.019168797621149647
train,-0.108,-0.08399999999999999,-0.008036045866151698,0.0,0.016267609354581047
heldout,-0.108,-0.072,-0.008213736963440854,0.0,0.013343844964541773
train,-0.108,-0.06,-0.008356209609513776,0.0,0.010397940643780412
heldout,-0.108,-0.04799999999999999,-0.008463200767308443,0.0,0.007430337564395817
train,-0.108,-0.03599999999999999,-0.008534452723306107,0.0,0.004441481802619496
heldout,-0.108,-0.023999999999999994,-0.008569713145871072,0.0,0.0014318242483324362
train,-0.108,-0.011999999999999997,-0.00856873514266454,0.0,-0.0015981794529440485
heldout,-0.108,0.0,-0.008531277317123664,0.0,-0.0046480689949723875
train,-0.108,0.01200000000000001,-0.008457103823993117,0.0,-0.007717379480187692
heldout,-0.108,0.02400000000000002,-0.008345984423901776,0.0,-0.010805641504629815
train,-0.108,0.036000000000000004,-0.008197694536965172,0.0,-0.013912381242042748
heldout,-0.108,0.048000000000000015,-0.008012015295413288,0.0,-0.017037120510765558
train,-0.108,0.06,-0.007788733595225916,0.0,-0.02017937687864846
heldout,-0.108,0.07200000000000001,-0.007527642146771041,0.0,-0.023338663729943754
train,-0.108,0.08400000000000002,-0.007228539524426036,0.0,-0.026514490358842124
heldout,-0.108,0.096,-0.0068912302151878935,0.0,-0.029706362051906687
train,-0.108,0.10800000000000001,-0.006515524666246941,0.0,-0.03291378016967439
heldout,-0.108,0.12,-0.006101239331523511,0.0,-0.036136242241580074
train,-0.096,-0.12,-0.005445041444016585,0.0,0.02552281152118363
heldout,-0.096,-0.108,-0.005734118803215504,0.0,0.022652755458651974
train,-0.096,-0.096,-0.005988612674501459,0.0,0.01975896785216813
heldout,-0.096,-0.08399999999999999,-0.006208240843800561,0.0,0.016841876981366077
train,-0.096,-0.072,-0.0063927262675580465,0.0,0.013901916307568207
heldout,-0.096,-0.06,-0.006541797134505534,0.0,0.010939524403008605
train,-0.096,-0.04799999999999999,-0.00665518692654643,0.0,0.00795514488144411
heldout,-0.096,-0.03599999999999999,-0.006732634478721744,0.0,0.004949226305728249
train,-0.096,-0.023999999999999994,-0.006773884038267397,0.0,0.0019222221281367524
heldout,-0.096,-0.011999999999999997,-0.006778685322734956,0.0,-0.001125409392066512
train,-0.096,0.0,-0.006746793577175336,0.0,-0.004193205279112711
heldout,-0.096,0.01200000000000001,-0.006677969630365932,0.0,-0.007280697901512756
train,-0.096,0.02400000000000002,-0.006571979950074414,0.0,-0.010387415073642714
heldout,-0.096,0.036000000000000004,-0.006428596697349853,0.0,-0.01351288011680607
train,-0.096,0.048000000000000015,-0.006247597779823866,0.0,-0.01665661195582313
heldout,-0.096,0.06,-0.006028766904019767,0.0,-0.019818125197579306
train,-0.096,0.07200000000000001,-0.005771893626648539,0.0,-0.022996930215957168
heldout,-0.096,0.08400000000000002,-0.005476773404899382,0.0,-0.02619253324398496
train,-0.096,0.096,-0.00514320764568621,0.0,-0.029404436443225546
heldout,-0.096,0.10800000000000001,-0.004771003753874292,0.0,-0.032632138002308686
train,-0.096,0.12,-0.004359975179447417,0.0,-0.03587513223018979
heldout,-0.08399999999999999,-0.12,-0.003802181593937609,0.0,0.026151976846022773
train,-0.08399999999999999,-0.108,-0.00409872191601654,0.0,0.023267367681434337
heldout,-0.08399999999999999,-0.096,-0.00436050233257132,0.0,0.020358730595249064
train,-0.08399999999999999,-0.08399999999999999,-0.004587237085810408,0.0,0.017426496010941595
heldout,-0.08399999999999999,-0.072,-0.004778645614563398,0.0,0.014471099598067916
train,-0.08399999999999999,-0.06,-0.004934452616784352,0.0,0.011492982196215085
heldout,-0.08399999999999999,-0.04799999999999999,-0.005054388111148195,0.0,0.00849258973839584
train,-0.08399999999999999,-0.03599999999999999,-0.005138187497737173,0.0,0.00547037318165966
heldout,-0.08399999999999999,-0.023999999999999994,-0.0051855916178047134,0.0,0.0024267884185524835
train,-0.08399999999999999,-0.011999999999999997,-0.005196346812601699,0.0,-0.000637703792549793
heldout,-0.08399999999999999,0.0,-0.005170204981254839,0.0,-0.003722637910430482
train,-0.08399999999999999,0.01200000000000001,-0.005106923637689137,0.0,-0.006827543691245719
heldout,-0.08399999999999999,0.02400000000000002,-0.005006265966575024,0.0,-0.00995194626651763
train,-0.08399999999999999,0.036000000000000004,-0.004868000878301609,0.0,-0.013095366231674621
heldout,-0.08399999999999999,0.048000000000000015,-0.004691903062950725,0.0,-0.01625731972265676
train,-0.08399999999999999,0.06,-0.004477753043270333,0.0,-0.019437318508064294
heldout,-0.08399999999999999,0.07200000000000001,-0.004225337226638287,0.0,-0.02263487006215481
train,-0.08399999999999999,0.08400000000000002,-0.00393444795599715,0.0,-0.02584947766282042
heldout,-0.08399999999999999,0.096,-0.0036048835597584927,0.0,-0.02908064046958092
train,-0.08399999999999999,0.10800000000000001,-0.0032364484006597027,0.0,-0.03232785361656498
heldout,-0.08399999999999999,0.12,-0.0028289529235721866,0.0,-0.03559060829605443
train,-0.072,-0.12,-0.002366312955904948,0.0,0.02678908658571011
heldout,-0.072,-0.108,-0.0026704161128559,0.0,0.023890681149218995
train,-0.072,-0.096,-0.002939592040360095,0.0,0.020967953349437796
heldout,-0.072,-0.08399999999999999,-0.0031735514594344316,0.0,0.018021335640439062
train,-0.072,-0.072,-0.0033720103125142176,0.0,0.015051265790377855
heldout,-0.072,-0.06,-0.0035346898266711557,0.0,0.012058186792396342
train,-0.072,-0.04799999999999999,-0.00366131657592339,0.0,0.009042546797732864
heldout,-0.072,-0.03599999999999999,-0.003751622542636057,0.0,0.006004799034398101
train,-0.072,-0.023999999999999994,-0.003805345177983699,0.0,0.002945401729737007
heldout,-0.072,-0.011999999999999997,-0.0038222274614788665,0.0,-0.0001351819675643462
train,-0.072,0.0,-0.003802017959543713,0.0,-0.003236484066859724
heldout,-0.072,0.01200000000000001,-0.0037444708831160245,0.0,-0.0063580318215850085
train,-0.072,0.02400000000000002,-0.0036493461442854702,0.0,-0.009499347800034919
heldout,-0.072,0.036000000000000004,-0.003516409411933763,0.0,-0.012659949980287077
train,-0.072,0.048000000000000015,-0.0033454321663840547,0.0,-0.01583935182819518
heldout,-0.072,0.06,-0.0031361917530392525,0.0,-0.01903706237565972
train,-0.072,0.07200000000000001,-0.002888471434997819,0.0,-0.022252586323046053
heldout,-0.072,0.08400000000000002,-0.0026020604446422846,0.0,-0.02548542410663046
train,-0.072,0.096,-0.0022767540341889214,0.0,-0.02873507199463443
heldout,-0.072,0.10800000000000001,-0.0019123535251801549,0.0,-0.032001022178540506
train,-0.072,0.12,-0.00150866635692537,0.0,-0.03528276285857945
heldout,-0.06,-0.12,-0.00113797683592054,0.0,0.02743399771965027
train,-0.06,-0.108,-0.0014497409914450143,0.0,0.024522554186445777
heldout,-0.06,-0.096,-0.0017264197037522022,0.0,0.021586495837222497
train,-0.06,-0.08399999999999999,-0.00196772019596847,0.0,0.01862625705950638
heldout,-0.06,-0.072,-0.0021733549361170335,0.0,0.015642277601812804
train,-0.06,-0.06,-0.0023430417010487092,0.0,0.012635002508420978
heldout,-0.06,-0.04799999999999999,-0.0024765036394620576,0.0,0.009604882029445871
train,-0.06,-0.03599999999999999,-0.002573469334006151,0.0,0.006552371561163728
heldout,-0.06,-0.023999999999999994,-0.0026336728624428707,0.0,0.003477931548034885
train,-0.06,-0.011999999999999997,-0.0026568538578704004,0.0,0.0003820274183108374
heldout,-0.06,0.0,-0.0026427575679797144,0.0,-0.0027348705033958254
train,-0.06,0.01200000000000001,-0.00259113491334817,0.0,-0.005872287074382143
heldout,-0.06,0.02400000000000002,-0.002501742544747998,0.0,-0.009029742417121511
train,-0.06,0.036000000000000004,-0.0023743428994636995,0.0,-0.012206752005583521
heldout,-0.06,0.048000000000000015,-0.0022087042566025783,0.0,-0.015402826743227127
train,-0.06,0.06,-0.0020046007913933073,0.0,-0.018617473051263378
heldout,-0.06,0.07200000000000001,-0.001761812628459536,0.0,-0.021850192959416148
train,-0.06,0.08400000000000002,-0.001480125894052331,0.0,-0.025100484182527527
heldout,-0.06,0.096,-0.0011593327672400067,0.0,-0.028367840216314555
train,-0.06,0.10800000000000001,-0.0007992315300396902,0.0,-0.03165175042174617
heldout,-0.06,0.12,-0.00039962661648274,0.0,-0.034951700114971285
train,-0.04799999999999999,-0.12,-0.00011773388913857707,0.0,0.028086559993034665
heldout,-0.04799999999999999,-0.108,-0.0004372554105166182,0.0,0.025162837649639336
train,-0.04799999999999999,-0.096,-0.0007215423988252423,0.0,0.022214210099180676
heldout,-0.04799999999999999,-0.08399999999999999,-0.0009702986033674754,0.0,0.01924111355022795
train,-0.04799999999999999,-0.072,-0.0011832330405042446,0.0,0.016243989626185673
heldout,-0.04799999999999999,-0.06,-0.0013600600582928946,0.0,0.013223285304231336
train,-0.04799999999999999,-0.04799999999999999,-0.0015004994002154326,0.0,0.010179452832603797
heldout,-0.04799999999999999,-0.03599999999999999,-0.0016042762679707445,0.0,0.007112949655108114
train,-0.04799999999999999,-0.023999999999999994,-0.001671121383339108,0.0,0.004024238326738594
heldout,-0.04799999999999999,-0.011999999999999997,-0.001700771049087807,0.0,0.0009137864437347432
train,-0.04799999999999999,0.0,-0.0016929672089152914,0.0,-0.002217933449677467
heldout,-0.04799999999999999,0.01200000000000001,-0.0016474575064204522,0.0,-0.005370443927621427
train,-0.04799999999999999,0.02400000000000002,-0.0015639953430851283,0.0,-0.00854326278165729
heldout,-0.04799999999999999,0.036000000000000004,-0.0014423399352584132,0.0,-0.011735903090170918
train,-0.04799999999999999,0.048000000000000015,-0.0012822563701284373,0.0,-0.014947873314685722
heldout,-0.04799999999999999,0.06,-0.0010835156606805174,0.0,-0.0181786773761905
train,-0.04799999999999999,0.07200000000000001,-0.0008458947996135835,0.0,-0.021427814750618612
heldout,-0.04799999999999999,0.08400000000000002,-0.0005691768122243201,0.0,-0.024694780544343153
train,-0.04799999999999999,0.096,-0.0002531508082287137,0.0,-0.027979065591876573
heldout,-0.04799999999999999,0.10800000000000001,0.00010238796746755985,0.0,-0.031280156542468074
train,-0.04799999999999999,0.12,0.0004976380850873208,0.0,-0.03459753595308479
heldout,-0.03599999999999999,-0.12,0.0006938361789750186,0.0,0.02874661602120243
train,-0.03599999999999999,-0.108,0.0003664628078067361,0.0,0.025811375042039675
heldout,-0.03599999999999999,-0.096,7.446392457967355e-05,0.0,0.02285094059639725
train,-0.03599999999999999,-0.08399999999999999,-0.00018186077101887965,0.0,0.019865750590652986
heldout,-0.03599999999999999,-0.072,-0.00040221686720774696,0.0,0.016856248420404896
train,-0.03599999999999999,-0.06,-0.0005863153054488229,0.0,0.013822882887759569
heldout,-0.03599999999999999,-0.04799999999999999,-0.0007338724448710948,0.0,0.010766108121673668
train,-0.03599999999999999,-0.03599999999999999,-0.0008446101257610777,0.0,0.007686383505234318
heldout,-0.03599999999999999,-0.023999999999999994,-0.0009182557321115586,0.0,0.004584173593780161
train,-0.03599999999999999,-0.011999999999999997,-0.0009545422532088871,0.0,0.0014599480352428529
heldout,-0.03599999999999999,0.0,-0.0009532083442605893,0.0,-0.0016858185128421077
train,-0.03599999999999999,0.01200000000000001,-0.0009139983860335515,0.0,-0.004852646462716326
heldout,-0.03599999999999999,0.02400000000000002,-0.0008366625435064362,0.0,-0.008040051379665236
train,-0.03599999999999999,0.036000000000000004,-0.0007209568235170133,0.0,-0.011247544071113502
heldout,-0.03599999999999999,0.048000000000000015,-0.0005666431313930825,0.0,-0.014474630657956844
train,-0.03599999999999999,0.06,-0.00037348932655732747,0.0,-0.017720812687249676
heldout,-0.03599999999999999,0.07200000000000001,-0.00014126927709688653,0.0,-0.020985587186883592
train,-0.03599999999999999,0.08400000000000002,0.00013023708671890122,0.0,-0.02426844677105855
heldout,-0.03599999999999999,0.096,0.0004412437199736857,0.0,-0.027568879736317164
train,-0.03599999999999999,0.10800000000000001,0.0007919584117149908,0.0,-0.030886370133154095
heldout,-0.03599999999999999,0.12,0.001182582734640683,0.0,-0.034220397862050334
train,-0.023999999999999994,-0.12,0.001296134919299488,0.0,0.029414001389838074
heldout,-0.023999999999999994,-0.108,0.0009608171834267903,0.0,0.026468002619906006
train,-0.023999999999999994,-0.096,0.0006610047470288066,0.0,0.0234965243042784
heldout,-0.023999999999999994,-0.08399999999999999,0.00039700073317729123,0.0,0.020500005952772682
train,-0.023999999999999994,-0.072,0.00016910295751061677,0.0,0.017478892615219177
heldout,-0.023999999999999994,-0.06,-2.2396137799404747e-05,0.0,0.014433634806798601
train,-0.023999999999999994,-0.04799999999999999,-0.00017720954916942977,0.0,0.011364688429493786
heldout,-0.023999999999999994,-0.03599999999999999,-0.00029505577577414177,0.0,0.008272514695761846
train,-0.023999999999999994,-0.023999999999999994,-0.0003756588827813351,0.0,0.005157580043879673
heldout,-0.023999999999999994,-0.011999999999999997,-0.0004187485636157756,0.0,0.0020203560677223287
train,-0.023999999999999994,0.0,-0.00042406020126005417,0.0,-0.0011386805831570257
heldout,-0.023999999999999994,0.01200000000000001,-0.0003913349285632334,0.0,-0.004319048261536285
train,-0.023999999999999994,0.02400000000000002,-0.0003203196875536246,0.0,-0.0075202604299384745
heldout,-0.023999999999999994,0.036000000000000004,-0.00021076728774681308,0.0,-0.010741825725857357
train,-0.023999999999999994,0.048000000000000015,-6.243646342805886e-05,0.0,-0.013983248063065279
heldout,-0.023999999999999994,0.06,0.00012490807009359062,0.0,-0.017244026707385895
train,-0.023999999999999994,0.07200000000000001,0.0003514955612735765,0.0,-0.02052365636884268
heldout,-0.023999999999999994,0.08400000000000002,0.000617549168178147,0.0,-0.023821627287978764
train,-0.023999999999999994,0.096,0.0009232859053867198,0.0,-0.027137425322176778
heldout,-0.023999999999999994,0.10800000000000001,0.0012689165919795992,0.0,-0.030470532045023813
train,-0.023999999999999994,0.12,0.0016546458006022752,0.0,-0.033820424828190365
heldout,-0.011999999999999997,-0.12,0.0016885454533996994,0.0,0.03008854477154488
train,-0.011999999999999997,-0.108,0.0013451928913219627,0.0,0.02713254949104904
heldout,-0.011999999999999997,-0.096,0.0010374672912538754,0.0,0.02415079083939453
train,-0.011999999999999997,-0.08399999999999999,0.0007656751732853032,0.0,0.021143709815485412
heldout,-0.011999999999999997,-0.072,0.0005301177318560793,0.0,0.018111753019023347
train,-0.011999999999999997,-0.06,0.00033109076903260065,0.0,0.015055372566130654
heldout,-0.011999999999999997,-0.04799999999999999,0.00016888462871023774,0.0,0.011975026022459367
train,-0.011999999999999997,-0.03599999999999999,4.378413175244039e-05,0.0,0.00887117631354073
heldout,-0.011999999999999997,-0.023999999999999994,-4.393148791503182e-05,0.0,0.005744291657061584
train,-0.011999999999999997,-0.011999999999999997,-9.398864624376307e-05,0.0,0.00259484546794031
heldout,-0.011999999999999997,0.0,-0.00010611947102889124,0.0,-0.0005766837118947876
train,-0.011999999999999997,0.01200000000000001,-8.00618628825564e-05,0.0,-0.003769812297327313
heldout,-0.011999999999999997,0.02400000000000002,-1.5559555204040787e-05,0.0,-0.006984051756087073
train,-0.011999999999999997,0.036000000000000004,8.763782685673044e-05,0.0,-0.010218908678971683
heldout,-0.011999999999999997,0.048000000000000015,0.00022977470847119347,0.0,-0.013473884878656417
train,-0.011999999999999997,0.06,0.0004110895082286639,0.0,-0.016748477454642252
heldout,-0.011999999999999997,0.07200000000000001,0.0006318145822928958,0.0,-0.02004217891704574
train,-0.011999999999999997,0.08400000000000002,0.0008921761696094668,0.0,-0.023354477239889704
heldout,-0.011999999999999997,0.096,0.0011923943381858607,0.0,-0.026684855971848
train,-0.011999999999999997,0.10800000000000001,0.001532682932452685,0.0,-0.030032794317291778
heldout,-0.011999999999999997,0.12,0.00191324952171424,0.0,-0.03339776723315646
train,0.0,-0.12,0.0018704327953822375,0.0,0.030770068019381203
heldout,0.0,-0.108,0.0015189570820807186,0.0,0.02780483772280018
train,0.0,-0.096,0.0012032208413709222,0.0,0.024813562548853252
heldout,0.0,-0.08399999999999999,0.000923533963219092,0.0,0.021796684873398586
train,0.0,-0.072,0.0006802009950438448,0.0,0.018754652733321553
heldout,0.0,-0.06,0.00047352107430698176,0.0,0.015687919739382217
train,0.0,-0.04799999999999999,0.0003037878620372192,0.0,0.012596945005993732
heldout,0.0,-0.03599999999999999,0.00017128947729483368,0.0,0.009482193065180056
train,0.0,-0.023999999999999994,7.630843259487374e-05,0.0,0.006344133794133899
heldout,0.0,-0.011999999999999997,1.912157030214967e-05,0.0,0.003183242331117331
train,0.0,0.0,0.0,0.0,-1.0141887329950805e-09
heldout,0.0,0.01200000000000001,1.9209036861478346e-05,0.0,-0.003205110828408131
train,0.0,0.02400000000000002,7.700814102207243e-05,0.0,-0.006431596700218201
heldout,0.0,0.036000000000000004,0.00017365085797227398,0.0,-0.009678963285852937
train,0.0,0.048000000000000015,0.0003093847599785482,0.0,-0.012946710400973949
heldout,0.0,0.06,0.0004844513885488011,0.0,-0.016234333119480304
train,0.0,0.07200000000000001,0.0006990861979480067,0.0,-0.019541321841509696
heldout,0.0,0.08400000000000002,0.0009535184997780943,0.0,-0.022867162403905628
train,0.0,0.096,0.001247971408637305,0.0,-0.026211336155435028
heldout,0.0,0.10800000000000001,0.0015826617888575756,0.0,-0.029573320050324536
train,0.0,0.12,0.0019578002023470376,0.0,-0.03295258673957635
heldout,0.01200000000000001,-0.12,0.0018411441811365878,0.0,0.03145838629620146
train,0.01200000000000001,-0.108,0.0014814592097797327,0.0,0.028484682470242273
heldout,0.01200000000000001,-0.096,0.001157617069378801,0.0,0.025484654640473003
train,0.01200000000000001,-0.08399999999999999,0.000869930991874289,0.0,0.02245874644868362
heldout,0.01200000000000001,-0.072,0.0006187088510715352,0.0,0.01940740726347201
train,0.01200000000000001,-0.06,0.0004042530945557385,0.0,0.016331092075883014
heldout,0.01200000000000001,-0.04799999999999999,0.00022686067654300451,0.0,0.01323026143890127
train,0.01200000000000001,-0.03599999999999999,8.682299167719204e-05,0.0,0.010105381386404932
heldout,0.01200000000000001,-0.023999999999999994,-1.5574190209678707e-05,0.0,0.006956923336576271
train,0.01200000000000001,-0.011999999999999997,-8.005078836979124e-05,0.0,0.0037853640358354035
heldout,0.01200000000000001,0.0,-0.00010633247442135701,0.0,0.000591185458087562
train,0.01200000000000001,0.01200000000000001,-9.415073463279328e-05,0.0,-0.0026251252818743076
heldout,0.01200000000000001,0.02400000000000002,-4.3242931198374246e-05,0.0,-0.005863075989986921
train,0.01200000000000001,0.036000000000000004,4.6647637508188955e-05,0.0,-0.00912216950976763
heldout,0.01200000000000001,0.048000000000000015,0.00017577167772089147,0.0,-0.012401903779490908
train,0.01200000000000001,0.06,0.00034437384210674743,0.0,-0.01570177194987199
heldout,0.01200000000000001,0.07200000000000001,0.0005526926726525869,0.0,-0.019021262442076026
train,0.01200000000000001,0.08400000000000002,0.0008009605446221077,0.0,-0.022359859059295495
heldout,0.01200000000000001,0.096,0.0010894036115912872,0.0,-0.025717041066131152
train,0.01200000000000001,0.10800000000000001,0.0014182417515743659,0.0,-0.029092283283516096
heldout,0.01200000000000001,0.12,0.001787688514256501,0.0,-0.03248505618697051
train,0.02400000000000002,-0.12,0.001600009404773492,0.0,0.032153308185955964
heldout,0.02400000000000002,-0.108,0.0012320313670191457,0.0,0.029171892083068585
train,0.02400000000000002,-0.096,0.0008999903688011041,0.0,0.0261638752854787
heldout,0.02400000000000002,-0.08399999999999999,0.0006042029553616074,0.0,0.023129702609314684
train,0.02400000000000002,-0.072,0.0003449802995342671,0.0,0.020069824633317523
heldout,0.02400000000000002,-0.06,0.0001226281329873985,0.0,0.01698469762251298
train,0.02400000000000002,-0.04799999999999999,-6.255332158984495e-05,0.0,0.013874783457157314
heldout,0.02400000000000002,-0.03599999999999999,-0.00021026941735365068,0.0,0.010740549554744128
train,0.02400000000000002,-0.023999999999999994,-0.0003202311492049442,0.0,0.007582468779521179
heldout,0.02400000000000002,-0.011999999999999997,-0.00039215521871434345,0.0,0.0044010193572807665
train,0.02400000000000002,0.0,-0.000425764098057127,0.0,0.0011966848173505795
heldout,0.02400000000000002,0.01200000000000001,-0.0004207860929458934,0.0,-0.0020300461220368327
train,0.02400000000000002,0.02400000000000002,-0.00037695540454725507,0.0,-0.005278679622300331
heldout,0.02400000000000002,0.036000000000000004,-0.00029401219037246407,0.0,-0.008548716811940249
train,0.02400000000000002,0.048000000000000015,-0.00017170262413164494,0.0,-0.011839653876188905
heldout,0.02400000000000002,0.06,-9.778954532316253e-06,0.0,-0.015150982145550884
train,0.02400000000000002,0.07200000000000001,0.00019200043697924218,0.0,-0.01848218818101266
heldout,0.02400000000000002,0.08400000000000002,0.00043387097955331633,0.0,-0.021832753870354438
train,0.02400000000000002,0.096,0.0007160618573578831,0.0,-0.02520215651169444
heldout,0.02400000000000002,0.10800000000000001,0.001038795955092417,0.0,-0.028589868907857863
train,0.02400000000000002,0.12,0.0014022898046101434,0.0,-0.031995359463798945
heldout,0.036000000000000004,-0.12,0.0011463411621222136,0.0,0.03285463580721126
train,0.036000000000000004,-0.108,0.00076998862698964,0.0,0.02986626821771532
heldout,0.036000000000000004,-0.096,0.00042965819530328686,0.0,0.02685102576061027
train,0.036000000000000004,-0.08399999999999999,0.0001256696961769027,0.0,0.023809354298132135
heldout,0.036000000000000004,-0.072,-0.00014166242665412943,0.0,0.02074170551619181
train,0.036000000000000004,-0.06,-0.0003720291842449347,0.0,0.01764853684776968
heldout,0.036000000000000004,-0.04799999999999999,-0.0005651271109184813,0.0,0.014530311391314221
train,0.036000000000000004,-0.03599999999999999,-0.0007206583317870136,0.0,0.011387497831916171
heldout,0.036000000000000004,-0.023999999999999994,-0.0008383306293033715,0.0,0.008220570361094914
train,0.036000000000000004,-0.011999999999999997,-0.0009178575088355373,0.0,0.005030008594364421
heldout,0.036000000000000004,0.0,-0.0009589582632474197,0.0,0.0018162974863011883
train,0.036000000000000004,0.01200000000000001,-0.0009613580364708912,0.0,-0.0014200727541102687
heldout,0.036000000000000004,0.02400000000000002,-0.0009247878860644126,0.0,-0.004678606747576808
train,0.036000000000000004,0.036000000000000004,-0.0008489848447348208,0.0,-0.00795880403164917
heldout,0.036000000000000004,0.048000000000000015,-0.0007336919808200587,0.0,-0.011260159143711146
train,0.036000000000000004,0.06,-0.0005786584577190806,0.0,-0.014582161718401654
heldout,0.036000000000000004,0.07200000000000001,-0.000383639592246951,0.0,-0.017924296563942566
train,0.036000000000000004,0.08400000000000002,-0.00014839691191979865,0.0,-0.021286043770385454
heldout,0.036000000000000004,0.096,0.00012730178885179966,0.0,-0.024666878783441426
train,0.036000000000000004,0.10800000000000001,0.00044368239367344187,0.0,-0.02806627250578897
heldout,0.036000000000000004,0.12,0.0008009644101880792,0.0,-0.031483691390055135
train,0.048000000000000015,-0.12,0.00047943540110942373,0.0,0.03356216494193598
heldout,0.048000000000000015,-0.108,9.462939237195322e-05,0.0,0.030567605981690615
train,0.048000000000000015,-0.096,-0.0002540785858771988,0.0,0.02754590054249162
heldout,0.048000000000000015,-0.08399999999999999,-0.0005663654508516192,0.0,0.02449749543442792
train,0.048000000000000015,-0.072,-0.0008419135167998248,0.0,0.021422843348439802
heldout,0.048000000000000015,-0.06,-0.0010804105650773221,0.0,0.01832240276083974
train,0.048000000000000015,-0.04799999999999999,-0.0012815499132732,0.0,0.015196637883352349
heldout,0.048000000000000015,-0.03599999999999999,-0.0014450304833809324,0.0,0.012046018563471872
train,0.048000000000000015,-0.023999999999999994,-0.0015705568689972915,0.0,0.008871020205081237
heldout,0.048000000000000015,-0.011999999999999997,-0.0016578394015402675,0.0,0.005672123695454889
train,0.048000000000000015,0.0,-0.0017065942154687874,0.0,0.002449815307004055
heldout,0.048000000000000015,0.01200000000000001,-0.001716543312490132,0.0,-0.0007954133748877545
train,0.048000000000000015,0.02400000000000002,-0.0016874146247502775,0.0,-0.00406306554179281
heldout,0.048000000000000015,0.036000000000000004,-0.001618942076988733,0.0,-0.007352639251057003
train,0.048000000000000015,0.048000000000000015,-0.0015108656476417737,0.0,-0.010663627513229912
heldout,0.048000000000000015,0.06,-0.0013629314288921834,0.0,-0.01399551837061308
train,0.048000000000000015,0.07200000000000001,-0.0011748916856439695,0.0,-0.017347795009114986
heldout,0.048000000000000015,0.08400000000000002,-0.000946504913421603,0.0,-0.0207199358237542
train,0.048000000000000015,0.096,-0.0006775358951620347,0.0,-0.02411141453190213
heldout,0.048000000000000015,0.10800000000000001,-0.00036775575691902485,0.0,-0.02752170024572509
train,0.048000000000000015,0.12,-1.69420224343797e-05,0.0,-0.030950257587092356
heldout,0.06,-0.12,-0.0004014283211443148,0.0,0.03427568516456425
train,0.06,-0.108,-0.0007947642490662155,0.0,0.03127569403543751
heldout,0.06,-0.096,-0.0011519353458536719,0.0,0.028248287458343402
train,0.06,-0.08399999999999999,-0.0014726153060038438,0.0,0.025193913075205465
heldout,0.06,-0.072,-0.0017564832314009848,0.0,0.02211302446097907
train,0.06,-0.06,-0.002003223702039869,0.0,0.01900608104510315
heldout,0.06,-0.04799999999999999,-0.0022125268457973135,0.0,0.015873548033507046
train,0.06,-0.03599999999999999,-0.0023840884072439117,0.0,0.012715896325621312
heldout,0.06,-0.023999999999999994,-0.0025176098154857662,0.0,0.009533602427502785
train,0.06,-0.011999999999999997,-0.002612798251016457,0.0,0.006327148380225189
heldout,0.06,0.0,-0.002669366711572252,0.0,0.0030970216741144085
train,0.06,0.01200000000000001,-0.0026870340769706846,0.0,-0.00015628485033891693
heldout,0.06,0.02400000000000002,-0.002665525172923622,0.0,-0.003432273065206992
train,0.06,0.036000000000000004,-0.002604570833818154,0.0,-0.006730439665869614
heldout,0.06,0.048000000000000015,-0.00250390796444111,0.0,-0.010050276243456224
train,0.06,0.06,-0.0023632796006405332,0.0,-0.013391269372553527
heldout,0.06,0.07200000000000001,-0.002182434968915681,0.0,-0.016752900720007347
train,0.06,0.08400000000000002,-0.001961129544919671,0.0,-0.020134647109038006
heldout,0.06,0.096,-0.0016991251108624539,0.0,-0.023535980639144416
train,0.06,0.10800000000000001,-0.0013961898118061145,0.0,-0.026956368751884785
heldout,0.06,0.12,-0.001052098210835739,0.0,-0.0303952743502256
train,0.07200000000000001,-0.12,-0.0014969864746844086,0.0,0.034994979954960925
heldout,0.07200000000000001,-0.108,-0.0018989261623728326,0.0,0.031990314741936476
train,0.07200000000000001,-0.096,-0.0022646433315377246,0.0,0.028957967802001328
heldout,0.07200000000000001,-0.08399999999999999,-0.0025938084856714505,0.0,0.02589838750816087
train,0.07200000000000001,-0.072,-0.00288609754470745,0.0,0.022812028216967484
heldout,0.07200000000000001,-0.06,-0.0031411919163830404,0.0,0.019699350189417153
train,0.07200000000000001,-0.04799999999999999,-0.0033587785666490955,0.0,0.016560819521282966
heldout,0.07200000000000001,-0.03599999999999999,-0.003538550089119602,0.0,0.013396908049023715
train,0.07200000000000001,-0.023999999999999994,-0.0036802047735455534,0.0,0.01020809327706429
heldout,0.07200000000000001,-0.011999999999999997,-0.0037834466732971916,0.0,0.006994858289532946
train,0.07200000000000001,0.0,-0.0038479856718478256,0.0,0.0037576916714354702
heldout,0.07200000000000001,0.01200000000000001,-0.003873537548233691,0.0,0.0004970874203924502
train,0.07200000000000001,0.02400000000000002,-0.003859824041495069,0.0,-0.0027864551413459004
heldout,0.07200000000000001,0.036000000000000004,-0.003806572914064471,0.0,-0.00609243145599514
train,0.07200000000000001,0.048000000000000015,-0.003713518014115097,0.0,-0.009420331804066429
heldout,0.07200000000000001,0.06,-0.0035803993368273834,0.0,-0.012769641417886834
train,0.07200000000000001,0.07200000000000001,-0.0034069630845879606,0.0,-0.016139840547657602
heldout,0.07200000000000001,0.08400000000000002,-0.0031929617260952614,0.0,-0.01953040457164379
train,0.07200000000000001,0.096,-0.002938154054360903,0.0,-0.022940804075832766
heldout,0.07200000000000001,0.10800000000000001,-0.0026423052436006234,0.0,-0.026370504956074736
train,0.07200000000000001,0.12,-0.002305186904997897,0.0,-0.02981896850356991
heldout,0.08400000000000002,-0.12,-0.0028079911867069096,0.0,0.035719826849966996
train,0.08400000000000002,-0.108,-0.0032186057969678383,0.0,0.03271124428216865
heldout,0.08400000000000002,-0.096,-0.0035929492987748224,0.0,0.029674716473804263
train,0.08400000000000002,-0.08399999999999999,-0.003930689037083129,0.0,0.026610692412110115
heldout,0.08400000000000002,-0.072,-0.004231497781046117,0.0,0.023519627127543963
train,0.08400000000000002,-0.06,-0.00449505379600787,0.0,0.020401981612461206
heldout,0.08400000000000002,-0.04799999999999999,-0.004721040914544922,0.0,0.01725822273146438
train,0.08400000000000002,-0.03599999999999999,-0.004909148606548647,0.0,0.01408882315701021
heldout,0.08400000000000002,-0.023999999999999994,-0.005059072048319874,0.0,0.010894261274208006
train,0.08400000000000002,-0.011999999999999997,-0.0051705121906820695,0.0,0.007675021103936697
heldout,0.08400000000000002,0.0,-0.005243175826077334,0.0,0.0044315922129167795
train,0.08400000000000002,0.01200000000000001,-0.005276775654653648,0.0,0.0011644696348844796
heldout,0.08400000000000002,0.02400000000000002,-0.005271030349315281,0.0,-0.002125846215450533
train,0.08400000000000002,0.036000000000000004,-0.005225664619729037,0.0,-0.005438849638439436
heldout,0.08400000000000002,0.048000000000000015,-0.00514040927527179,0.0,-0.008774029733038535
train,0.08400000000000002,0.06,-0.005015001286911985,0.0,-0.012130870483961775
heldout,0.08400000000000002,0.07200000000000001,-0.004849183848005784,0.0,-0.015508850855772138
train,0.08400000000000002,0.08400000000000002,-0.004642706434002969,0.0,-0.018907444883919933
heldout,0.08400000000000002,0.096,-0.004395324861042077,0.0,-0.022326121766891305
train,0.08400000000000002,0.10800000000000001,-0.0041068013434317485,0.0,-0.02576434596029964
heldout,0.08400000000000002,0.12,-0.003776904550002874,0.0,-0.029221577274030075
train,0.096,-0.12,-0.004335209865355405,0.0,0.03644999755553213
heldout,0.096,-0.108,-0.004754567812042643,0.0,0.03343825280138768
train,0.096,-0.096,-0.005137615139356622,0.0,0.030398302109380104
heldout,0.096,-0.08399999999999999,-0.005484016066937825,0.0,0.027330594981889167
train,0.096,-0.072,-0.005793440245083881,0.0,0.0242355870122557
heldout,0.096,-0.06,-0.006065562827368476,0.0,0.021113739811784438
train,0.096,-0.04799999999999999,-0.006300064542311357,0.0,0.017965520913987287
heldout,0.096,-0.03599999999999999,-0.006496631764075778,0.0,0.014791403706582162
train,0.096,-0.023999999999999994,-0.00665495658219184,0.0,0.011591867354887597
heldout,0.096,-0.011999999999999997,-0.006774736870276854,0.0,0.008367396690800444
train,0.096,0.0,-0.006855676353757834,0.0,0.0051184821675542835
heldout,0.096,0.01200000000000001,-0.006897484676560928,0.0,0.001845619740648008
train,0.096,0.02400000000000002,-0.0068998774667762275,0.0,-0.0014506892062615684
heldout,0.096,0.036000000000000004,-0.006862576401267306,0.0,-0.004769937937965096
train,0.096,0.048000000000000015,-0.00678530926922738,0.0,-0.008111614483163887
heldout,0.096,0.06,-0.006667810034653776,0.0,-0.01147520169803018
train,0.096,0.07200000000000001,-0.006509818897747155,0.0,-0.014860177371123218
heldout,0.096,0.08400000000000002,-0.006311082355207054,0.0,-0.01826601431359487
train,0.096,0.096,-0.006071353259417656,0.0,-0.02169218044745236
heldout,0.096,0.10800000000000001,-0.005790390876519669,0.0,-0.025138138908809005
train,0.096,0.12,-0.00546796094333768,0.0,-0.028603348131706063
heldout,0.10800000000000001,-0.12,-0.0060794248174957655,0.0,0.03718525810075812
train,0.10800000000000001,-0.108,-0.006507591695967679,0.0,0.03417110453374228
heldout,0.10800000000000001,-0.096,-0.006899417502075872,0.0,0.03112848721648076
train,0.10800000000000001,-0.08399999999999999,-0.007254563364114758,0.0,0.028057856061303177
heldout,0.10800000000000001,-0.072,-0.007572695846201988,0.0,0.024959667117296913
train,0.10800000000000001,-0.06,-0.00785348702152397,0.0,0.0218343824970324
heldout,0.10800000000000001,-0.04799999999999999,-0.008096614544614161,0.0,0.018682470299680176
train,0.10800000000000001,-0.03599999999999999,-0.008301761722672468,0.0,0.015504404523303261
heldout,0.10800000000000001,-0.023999999999999994,-0.008468617585898758,0.0,0.01230066498852933
train,0.10800000000000001,-0.011999999999999997,-0.008596876956826843,0.0,0.009071737251953316
heldout,0.10800000000000001,0.0,-0.008686240518648053,0.0,0.005818112515654228
train,0.10800000000000001,0.01200000000000001,-0.008736414882515392,0.0,0.00254028755780622
heldout,0.10800000000000001,0.02400000000000002,-0.008747112653804318,0.0,-0.0007612353711272668
train,0.10800000000000001,0.036000000000000004,-0.008718052497328238,0.0,-0.004085948637211345
heldout,0.10800000000000001,0.048000000000000015,-0.008648959201488532,0.0,-0.007433339291318397
train,0.10800000000000001,0.06,-0.008539563741345874,0.0,-0.010802889181815711
heldout,0.10800000000000001,0.07200000000000001,-0.008389603340611868,0.0,-0.0141940750397751
train,0.10800000000000001,0.08400000000000002,-0.008198821532527573,0.0,-0.017606368561129404
heldout,0.10800000000000001,0.096,-0.00796696821964435,0.0,-0.02103923651269879
train,0.10800000000000001,0.10800000000000001,-0.00769379973246595,0.0,-0.024492140816567698
heldout,0.10800000000000001,0.12,-0.007379078886965179,0.0,-0.027964538653890703
train,0.12,-0.12,-0.008041432860668607,0.0,0.037925368958913186
heldout,0.12,-0.108,-0.008478471379908203,0.0,0.03490955794660522
train,0.12,-0.096,-0.008879147408013988,0.0,0.0318650283240296
heldout,0.12,-0.08399999999999999,-0.009243119016643986,0.0,0.028792230293006593
train,0.12,-0.072,-0.009570049717164908,0.0,0.025691620259837844
heldout,0.12,-0.06,-0.009859608534505626,0.0,0.022563660731500512
train,0.12,-0.04799999999999999,-0.010111470080047313,0.0,0.01940882025930346
heldout,0.12,-0.03599999999999999,-0.010325314623551463,0.0,0.016227573346461188
train,0.12,-0.023999999999999994,-0.010500828164095477,0.0,0.013020400359275985
heldout,0.12,-0.011999999999999997,-0.01063770250001217,0.0,0.009787787457193886
train,0.12,0.0,-0.010735635297819957,0.0,0.0065302264995459325
heldout,0.12,0.01200000000000001,-0.010794330160118104,0.0,0.0032482149608936695
train,0.12,0.02400000000000002,-0.01081349669245113,0.0,-5.774415917647602e-05
heldout,0.12,0.036000000000000004,-0.010792850569116275,0.0,-0.0033871424151565854
train,0.12,0.048000000000000015,-0.01073211359790227,0.0,-0.006739466016369988
heldout,0.12,0.06,-0.01063101378375908,0.0,-0.010114195911348212
train,0.12,0.07200000000000001,-0.010489285391363623,0.0,-0.013510807880534603
heldout,0.12,0.08400000000000002,-0.01030666900659416,0.0,-0.016928772624269506
train,0.12,0.096,-0.010082911596881239,0.0,-0.02036755586271033
heldout,0.12,0.10800000000000001,-0.00981776657043143,0.0,-0.02382661843269851
train,0.12,0.12,-0.009510993834318637,0.0,-0.027305416369638458
